name,team,position,games_played,at_bats,runs,hits,doubles,triples,home_runs,runs_batted_in,walks,strikes,steals,avg,on_base_percentage,slugging_percentage,on_base_plus_slugging
Jarren Duran,BOS,OF,160,671,111,191,48,14,21,75,54,160,34,.285,.342,.492,.834
Ezequiel Tovar,COL,SS,157,655,83,176,45,4,26,78,23,200,6,.269,.295,.469,.764
Marcus Semien,TEX,2B,159,650,101,154,27,2,23,74,64,105,8,.237,.308,.391,.699
Anthony Volpe,NYY,SS,160,637,90,155,27,7,12,60,42,156,28,.243,.293,.364,.657
Bobby Witt,KC,SS,161,636,125,211,45,11,32,109,57,106,31,.332,.389,.588,.977
Shohei Ohtani,LAD,DH,159,636,134,197,38,7,54,130,81,162,59,.310,.390,.646,1.036
Gunnar Henderson,BAL,SS,159,630,118,177,31,7,37,92,78,159,21,.281,.364,.529,.893
Jose Altuve,HOU,2B,153,628,94,185,31,0,20,65,47,119,22,.295,.350,.439,.789
Bryan Reynolds,PIT,OF,156,622,73,171,29,3,24,88,57,156,10,.275,.344,.447,.791
Jose Ramirez,CLE,3B,158,620,114,173,39,2,39,118,54,82,41,.279,.335,.537,.872
Francisco Lindor,NYM,SS,152,618,107,169,39,1,33,91,56,127,29,.273,.344,.500,.844
Elly De La Cruz,CIN,SS,160,618,105,160,36,10,25,76,69,218,67,.259,.339,.471,.810
Vladimir Guerrero,TOR,1B,159,616,98,199,44,1,30,103,72,96,2,.323,.396,.544,.940
Willy Adames,MIL,SS,161,610,93,153,33,0,32,112,74,173,21,.251,.331,.462,.793
Pete Alonso,NYM,1B,162,608,91,146,31,0,34,88,70,172,3,.240,.329,.459,.788
Marcell Ozuna,ATL,DH,162,606,96,183,31,0,39,104,74,170,1,.302,.378,.546,.924
Nick Castellanos,PHI,OF,162,606,80,154,30,4,23,86,41,139,6,.254,.311,.431,.742
Jeremy Pena,HOU,SS,157,602,78,160,28,2,15,70,25,111,20,.266,.308,.394,.702
Matt Olson,ATL,1B,162,600,78,148,37,1,29,98,71,170,0,.247,.333,.457,.790
Paul Goldschmidt,STL,1B,154,599,70,147,33,1,22,65,47,173,11,.245,.302,.414,.716
Anthony Santander,BAL,OF,155,595,91,140,25,2,44,102,58,129,2,.235,.308,.506,.814
William Contreras,MIL,C,155,595,99,167,37,2,23,92,78,139,9,.281,.365,.466,.831
Manny Machado,SD,3B,152,593,77,163,30,0,29,105,45,124,11,.275,.325,.472,.797
Salvador Perez,KC,C,158,590,58,160,28,0,27,104,44,129,0,.271,.330,.456,.786
Teoscar Hernandez,LAD,OF,154,589,84,160,32,2,33,99,53,188,12,.272,.339,.501,.840
Corbin Carroll,ARI,OF,158,589,121,136,22,14,22,74,73,130,35,.231,.322,.428,.750
Gleyber Torres,NYY,2B,154,587,80,151,26,0,15,63,65,136,4,.257,.330,.378,.708
Brendan Donovan,STL,2B,153,587,65,163,34,3,14,73,47,81,5,.278,.342,.417,.759
Masyn Winn,STL,SS,150,587,85,157,32,5,15,57,41,109,11,.267,.314,.416,.730
Yainer Diaz,HOU,C,148,585,70,175,29,3,16,84,24,107,2,.299,.325,.441,.766
Taylor Ward,LAA,OF,156,585,73,144,26,2,25,75,63,163,6,.246,.323,.426,.749
Andres Gimenez,CLE,2B,152,583,64,147,22,1,9,63,26,97,30,.252,.298,.340,.638
Nico Hoerner,CHC,2B,151,582,86,159,35,1,7,48,44,66,31,.273,.335,.373,.708
Alex Bregman,HOU,3B,145,581,79,151,30,2,26,75,44,86,3,.260,.315,.453,.768
Adolis Garcia,TEX,OF,154,580,68,130,27,0,25,85,45,177,11,.224,.284,.400,.684
Nolan Arenado,STL,3B,152,578,70,157,23,0,16,71,44,92,2,.272,.325,.394,.719
Jake Cronenworth,SD,2B,155,577,72,139,29,3,17,83,61,118,5,.241,.324,.390,.714
Juan Soto,NYY,OF,157,576,128,166,31,4,41,109,129,119,7,.288,.419,.569,.988
Matt Chapman,SF,3B,154,575,98,142,39,2,27,78,64,158,15,.247,.328,.463,.791
Maikel Garcia,KC,3B,157,575,84,133,27,5,7,58,42,103,37,.231,.281,.332,.613
Spencer Steer,CIN,OF,158,574,74,129,34,4,20,92,72,137,25,.225,.319,.402,.721
Kyle Schwarber,PHI,DH,150,573,110,142,22,0,38,104,106,197,5,.248,.366,.485,.851
JJ Bleday,OAK,OF,159,572,74,139,43,4,20,60,67,125,2,.243,.324,.437,.761
Adley Rutschman,BAL,C,148,571,68,143,21,1,19,79,58,103,1,.250,.318,.391,.709
Brandon Nimmo,NYM,OF,151,571,88,128,25,3,23,90,77,158,15,.224,.327,.399,.726
Eugenio Suarez,ARI,3B,158,571,90,146,28,2,30,101,49,176,2,.256,.319,.469,.788
Andrew Vaughn,CWS,1B,149,570,55,140,30,1,19,70,38,132,2,.246,.297,.402,.699
Ian Happ,CHC,OF,153,569,89,138,34,2,25,86,80,168,13,.243,.341,.441,.782
Ryan McMahon,COL,3B,153,567,68,137,28,0,20,65,69,185,4,.242,.325,.397,.722
Julio Rodriguez,SEA,OF,143,567,76,155,17,0,20,68,38,156,24,.273,.325,.409,.734
Jurickson Profar,SD,OF,158,564,94,158,29,0,24,85,76,101,10,.280,.380,.459,.839
Josh Naylor,CLE,1B,152,563,84,137,27,0,31,108,58,105,6,.243,.320,.456,.776
Yandy Diaz,TB,1B,145,563,55,158,31,1,14,65,50,95,0,.281,.341,.414,.755
Alex Verdugo,NYY,OF,149,559,74,130,28,1,13,61,49,93,2,.233,.291,.356,.647
Aaron Judge,NYY,OF,158,559,122,180,36,1,58,144,133,171,10,.322,.458,.701,1.159
Brice Turang,MIL,2B,155,559,72,142,24,4,7,57,50,105,50,.254,.316,.349,.665
Willi Castro,MIN,OF,158,558,89,138,31,5,12,60,51,150,14,.247,.331,.385,.716
Alec Bohm,PHI,3B,143,554,62,155,44,2,15,97,40,86,5,.280,.332,.448,.780
Jackson Merrill,SD,OF,156,554,77,162,31,6,24,90,29,101,16,.292,.326,.500,.826
Yordan Alvarez,HOU,OF,147,552,88,170,34,2,35,86,69,95,6,.308,.392,.567,.959
Orlando Arcia,ATL,SS,157,551,50,120,24,0,17,46,41,128,2,.218,.271,.354,.625
Bryce Harper,PHI,1B,145,550,85,157,42,0,30,87,76,138,7,.285,.373,.525,.898
Alec Burleson,STL,OF,152,547,71,147,20,0,21,78,35,76,9,.269,.314,.420,.734
Brent Rooker,OAK,DH,145,546,82,160,26,2,39,112,59,177,11,.293,.365,.562,.927
Cal Raleigh,SEA,C,153,546,73,120,16,0,34,100,70,176,6,.220,.312,.436,.748
George Springer,TOR,OF,145,545,74,120,19,3,19,56,60,115,16,.220,.303,.371,.674
Ceddanne Rafaela,BOS,OF,152,544,70,134,23,5,15,75,15,151,19,.246,.274,.390,.664
Zach Neto,LAA,SS,155,542,70,135,34,1,23,77,39,140,30,.249,.318,.443,.761
Freddie Freeman,LAD,1B,147,542,81,153,35,2,22,89,78,100,9,.282,.378,.476,.854
Brenton Doyle,COL,OF,149,542,82,141,24,4,23,72,46,153,30,.260,.317,.446,.763
CJ Abrams,WSH,SS,138,541,79,133,29,6,20,65,40,128,31,.246,.314,.433,.747
Oneil Cruz,PIT,OF,146,541,72,140,34,3,21,76,51,181,22,.259,.324,.449,.773
Jake Burger,MIA,1B,137,535,68,134,23,1,29,76,31,150,1,.250,.301,.460,.761
Dansby Swanson,CHC,SS,149,534,82,129,27,2,16,66,54,144,19,.242,.312,.390,.702
Jonathan India,CIN,2B,151,533,84,132,28,2,15,58,80,125,13,.248,.357,.392,.749
Jackson Chourio,MIL,OF,148,528,80,145,29,4,21,79,39,121,22,.275,.327,.464,.791
Rafael Devers,BOS,3B,138,525,87,143,34,5,28,83,67,147,3,.272,.354,.516,.870
Josh Smith,TEX,3B,149,523,67,135,30,1,13,62,46,121,11,.258,.337,.394,.731
Carlos Santana,MIN,1B,150,521,63,124,26,0,23,71,65,99,4,.238,.328,.420,.748
Nolan Schanuel,LAA,1B,147,519,62,130,19,0,13,54,68,103,10,.250,.343,.362,.705
Matt Vierling,DET,OF,144,518,80,133,28,5,16,57,41,121,6,.257,.312,.423,.735
Cody Bellinger,CHC,OF,130,516,72,137,23,3,18,78,45,89,9,.266,.325,.426,.751
Colt Keith,DET,2B,148,516,54,134,15,4,13,61,36,110,7,.260,.309,.380,.689
Lourdes Gurriel,ARI,OF,133,513,72,143,22,2,18,75,29,101,7,.279,.322,.435,.757
Riley Greene,DET,OF,137,512,82,134,27,6,24,74,64,156,4,.262,.348,.479,.827
Seiya Suzuki,CHC,OF,132,512,74,145,27,6,21,73,63,160,16,.283,.366,.482,.848
Bryson Stott,PHI,2B,148,506,65,124,19,2,11,57,53,93,32,.245,.315,.356,.671
Trea Turner,PHI,SS,121,505,88,149,25,0,21,62,27,98,19,.295,.338,.469,.807
Ketel Marte,ARI,2B,136,504,93,147,23,2,36,95,65,106,7,.292,.372,.560,.932
Brendan Rodgers,COL,2B,135,501,67,134,29,1,13,54,31,132,1,.267,.314,.407,.721
Luis Arraez,SD,1B,117,500,61,159,24,2,4,41,16,18,9,.318,.346,.398,.744
Luis Garcia,WSH,2B,140,500,58,141,25,1,18,70,27,86,22,.282,.318,.444,.762
Colton Cowser,BAL,OF,153,499,77,121,24,3,24,69,52,172,9,.242,.321,.447,.768
Wyatt Langford,TEX,OF,134,499,74,126,25,4,16,74,51,115,19,.253,.325,.415,.740
Zack Gelof,OAK,2B,138,497,60,105,20,2,17,49,38,188,25,.211,.270,.362,.632
Vinnie Pasquantino,KC,1B,131,496,64,130,30,2,19,97,40,71,1,.262,.315,.446,.761
Michael Busch,CHC,1B,152,496,73,123,28,2,21,65,63,162,2,.248,.335,.440,.775
Jesus Sanchez,MIA,OF,149,489,60,123,25,1,18,64,41,140,16,.252,.313,.417,.730
Nathaniel Lowe,TEX,1B,140,486,62,129,16,1,16,69,71,125,2,.265,.361,.401,.762
Shea Langeliers,OAK,C,137,482,58,108,18,2,29,80,41,145,4,.224,.288,.450,.738
Steven Kwan,CLE,OF,122,480,83,140,16,3,14,44,53,51,12,.292,.368,.425,.793
Leody Taveras,TEX,OF,151,480,59,110,17,3,12,44,42,112,23,.229,.289,.352,.641
Christian Walker,ARI,1B,130,479,72,120,26,0,26,84,55,133,2,.251,.335,.468,.803
Logan O'Hoppe,LAA,C,136,479,64,117,17,1,20,56,33,155,2,.244,.303,.409,.712
Andrew Benintendi,CWS,OF,135,477,50,109,20,0,20,64,41,96,3,.229,.289,.396,.685
Will Smith,LAD,C,128,476,77,118,24,2,20,75,51,105,1,.248,.327,.433,.760
Heliot Ramos,SF,OF,121,475,54,128,23,3,22,72,37,135,6,.269,.322,.469,.791
Corey Seager,TEX,SS,123,475,68,132,21,0,30,74,53,96,1,.278,.353,.512,.865
Sal Frelick,MIL,OF,145,475,66,123,22,4,2,32,39,78,18,.259,.320,.335,.655
Ryan Mountcastle,BAL,1B,124,473,54,128,30,2,13,63,27,114,3,.271,.308,.425,.733
Jacob Young,WSH,OF,150,468,75,120,24,1,3,36,30,102,33,.256,.316,.331,.647
Jake Meyers,HOU,OF,148,461,51,101,20,3,13,61,35,117,11,.219,.286,.360,.646
Jonah Heim,TEX,C,131,459,45,101,12,1,13,59,26,90,1,.220,.267,.336,.603
Keibert Ruiz,WSH,C,127,459,46,105,21,0,13,57,16,54,3,.229,.260,.359,.619
Daulton Varsho,TOR,OF,136,459,73,98,21,7,18,58,48,137,10,.214,.293,.407,.700
Tyler Stephenson,CIN,C,138,457,69,118,26,1,19,66,48,117,1,.258,.338,.444,.782
Gavin Sheets,CWS,OF,139,451,35,105,24,1,10,45,43,106,2,.233,.303,.357,.660
Mookie Betts,LAD,OF,116,450,75,130,24,5,19,75,61,57,16,.289,.372,.491,.863
Charlie Blackmon,COL,OF,124,449,59,115,24,5,12,52,43,86,6,.256,.329,.412,.741
Rhys Hoskins,MIL,1B,131,449,59,96,14,0,26,82,53,149,3,.214,.303,.419,.722
Andrew McCutchen,PIT,DH,120,448,66,104,18,1,20,50,58,133,3,.232,.328,.411,.739
Connor Wong,BOS,C,126,447,54,125,24,1,13,52,28,114,8,.280,.333,.425,.758
Cedric Mullins,BAL,OF,147,444,69,104,16,3,18,54,41,98,32,.234,.305,.405,.710
Ryan O'Hearn,BAL,1B,142,443,60,117,21,3,15,59,46,69,3,.264,.334,.427,.761
Jake McCarthy,ARI,OF,142,442,66,126,13,7,8,56,31,78,25,.285,.349,.400,.749
Jose Caballero,TB,SS,139,441,53,100,24,1,9,44,27,133,44,.227,.283,.347,.630
Michael Harris,ATL,OF,110,440,58,116,14,3,16,48,23,94,10,.264,.304,.418,.722
Joey Ortiz,MIL,3B,142,440,58,105,25,6,11,60,56,103,11,.239,.329,.398,.727
Gavin Lux,LAD,2B,139,439,59,110,24,2,10,50,44,110,5,.251,.320,.383,.703
Michael Conforto,SF,OF,130,438,56,104,27,3,20,66,42,118,0,.237,.309,.450,.759
J.D. Martinez,NYM,DH,120,434,46,102,24,1,16,69,49,141,0,.235,.320,.406,.726
Ernie Clement,TOR,3B,139,434,48,114,21,3,12,51,11,41,12,.263,.284,.408,.692
Xander Bogaerts,SD,SS,111,428,50,113,15,1,11,44,28,79,13,.264,.307,.381,.688
Mike Yastrzemski,SF,OF,140,428,60,99,16,9,18,57,38,124,3,.231,.302,.437,.739
Jeimer Candelario,CIN,1B,112,427,47,96,23,2,20,56,27,114,4,.225,.279,.429,.708
Austin Riley,ATL,3B,110,425,63,109,26,2,19,56,37,118,0,.256,.322,.461,.783
Jeff McNeil,NYM,2B,129,424,57,101,26,0,12,44,35,68,5,.238,.308,.384,.692
Bryan De La Cruz,MIA,OF,105,424,44,104,19,0,18,51,25,118,3,.245,.289,.417,.706
Josh Rojas,SEA,3B,143,422,48,95,19,2,8,31,46,108,10,.225,.304,.336,.640
Brandon Marsh,PHI,OF,135,418,55,104,17,3,16,60,50,154,19,.249,.328,.419,.747
Jorge Polanco,SEA,2B,118,417,43,89,11,0,16,45,46,137,4,.213,.296,.355,.651
Giancarlo Stanton,NYY,DH,114,417,49,97,20,0,27,72,38,143,0,.233,.298,.475,.773
Jordan Westburg,BAL,2B,107,416,57,110,26,5,18,63,22,97,6,.264,.312,.481,.793
Mark Vientos,NYM,3B,111,413,58,110,22,0,27,71,33,135,0,.266,.322,.516,.838
MJ Melendez,KC,OF,135,412,44,85,23,3,17,44,35,113,4,.206,.273,.400,.673
Jarred Kelenic,ATL,OF,131,412,49,95,18,2,15,45,32,133,7,.231,.286,.393,.679
Ryan Jeffers,MIN,C,122,412,56,93,22,0,21,64,32,94,3,.226,.300,.432,.732
Lawrence Butler,OAK,OF,125,412,63,108,24,2,22,57,35,108,18,.262,.317,.490,.807
Tyler O'Neill,BOS,OF,113,411,74,99,18,0,31,61,53,159,4,.241,.336,.511,.847
Jo Adell,LAA,OF,130,405,54,84,15,2,20,62,35,126,15,.207,.280,.402,.682
Luke Raley,SEA,1B,137,404,58,98,19,2,22,58,27,135,11,.243,.320,.463,.783
Andy Pages,LAD,OF,116,403,65,100,23,1,13,46,29,108,1,.248,.305,.407,.712
Otto Lopez,MIA,2B,117,403,49,109,23,1,6,39,25,75,20,.270,.313,.377,.690
Ha-Seong Kim,SD,SS,121,403,60,94,16,3,11,47,58,77,22,.233,.330,.370,.700
Jose Siri,TB,OF,130,402,50,75,16,1,18,47,31,170,14,.187,.255,.366,.621
Harrison Bader,NYM,OF,143,402,57,95,19,0,12,51,21,95,17,.236,.284,.373,.657
Mauricio Dubon,HOU,OF,137,402,45,108,25,0,4,47,16,55,3,.269,.296,.361,.657
Jose Miranda,MIN,3B,121,401,44,114,28,4,9,49,18,66,2,.284,.322,.441,.763
Patrick Bailey,SF,C,121,401,46,94,16,1,8,46,39,100,4,.234,.298,.339,.637
Wilyer Abreu,BOS,OF,132,399,59,101,33,2,15,58,40,125,8,.253,.322,.459,.781
Michael Toglia,COL,1B,116,399,62,87,14,3,25,55,54,147,10,.218,.311,.456,.767
Ozzie Albies,ATL,2B,99,399,52,100,29,1,10,53,27,65,8,.251,.303,.404,.707
Josh Bell,MIA,1B,104,398,38,95,18,1,14,49,34,88,0,.239,.305,.394,.699
Fernando Tatis,SD,OF,102,398,64,110,21,1,21,49,32,96,11,.276,.340,.492,.832
Nicky Lopez,CWS,2B,124,398,40,96,12,3,1,21,37,67,5,.241,.312,.294,.606
Davis Schneider,TOR,2B,135,397,48,76,19,1,13,46,47,144,6,.191,.282,.343,.625
Max Schuemann,OAK,SS,133,396,55,87,14,0,7,34,47,119,14,.220,.311,.308,.619
Jared Triolo,PIT,3B,125,394,41,85,10,1,9,46,42,118,8,.216,.296,.315,.611
Luis Robert,CWS,OF,100,393,47,88,19,0,14,35,28,141,23,.224,.278,.379,.657
J.P. Crawford,SEA,SS,105,392,55,79,16,2,9,37,52,102,5,.202,.304,.321,.625
Mickey Moniak,LAA,OF,124,392,48,86,17,2,14,49,21,114,8,.219,.266,.380,.646
Wenceel Perez,DET,OF,112,389,51,94,16,6,9,37,32,92,9,.242,.300,.383,.683
Jazz Chisholm,MIA,3B,101,386,46,96,14,4,13,50,39,107,22,.249,.323,.407,.730
Brandon Lowe,TB,2B,107,385,56,94,19,3,21,58,33,112,5,.244,.311,.473,.784
Hunter Renfroe,KC,OF,120,385,44,88,18,0,15,52,36,84,1,.229,.297,.392,.689
Kyle Isbel,KC,OF,136,384,62,88,13,8,8,42,27,88,11,.229,.287,.367,.654
Brayan Rocchio,CLE,SS,143,383,50,79,18,0,8,36,44,90,10,.206,.298,.316,.614
Rowdy Tellez,PIT,1B,132,383,38,93,18,0,13,56,31,89,1,.243,.299,.392,.691
Blake Perkins,MIL,OF,121,383,54,92,13,2,6,43,42,108,23,.240,.316,.332,.648
Mitch Haniger,SEA,OF,121,380,42,79,12,0,12,44,40,126,0,.208,.286,.334,.620
J.T. Realmuto,PHI,C,99,380,50,101,18,1,14,47,27,102,2,.266,.322,.429,.751
Masataka Yoshida,BOS,DH,108,378,45,106,21,0,10,56,27,52,2,.280,.349,.415,.764
Korey Lee,CWS,C,125,377,36,79,14,1,12,37,17,122,6,.210,.244,.347,.591
Seth Brown,OAK,OF,124,372,32,86,11,1,14,44,25,112,4,.231,.283,.379,.662
Pete Crow-Armstrong,CHC,OF,123,372,46,88,13,6,10,47,21,98,27,.237,.286,.384,.670
Dylan Moore,SEA,2B,135,368,53,74,23,4,10,42,53,123,32,.201,.320,.367,.687
Max Kepler,MIN,OF,105,368,43,93,21,1,8,42,22,80,1,.253,.302,.380,.682
Joc Pederson,ARI,DH,132,367,62,101,17,1,23,64,55,105,7,.275,.393,.515,.908
Mitch Garver,SEA,C,114,367,37,63,17,0,15,51,53,133,0,.172,.286,.341,.627
Ke'Bryan Hayes,PIT,3B,96,365,38,85,9,0,4,25,23,75,11,.233,.283,.290,.573
Nolan Gorman,STL,2B,107,365,42,74,15,0,19,50,34,151,6,.203,.271,.400,.671
Thairo Estrada,SF,2B,96,364,43,79,15,2,9,47,10,76,2,.217,.247,.343,.590
Connor Joe,PIT,OF,123,364,49,83,22,1,9,36,44,91,2,.228,.320,.368,.688
Isaac Paredes,TB,3B,101,363,41,89,19,1,16,55,52,68,0,.245,.357,.435,.792
Enrique Hernandez,LAD,3B,126,362,44,83,16,0,12,42,27,77,0,.229,.281,.373,.654
Christopher Morel,CHC,2B,103,362,43,72,7,1,18,51,47,103,7,.199,.302,.373,.675
Nick Gonzales,PIT,2B,94,359,42,97,19,3,7,49,18,74,5,.270,.311,.398,.709
Santiago Espinal,CIN,3B,118,357,32,88,12,0,9,45,24,54,11,.246,.295,.356,.651
Trevor Larnach,MIN,OF,112,355,59,92,17,0,15,52,40,89,4,.259,.338,.434,.772
Jon Singleton,HOU,1B,119,355,46,83,13,1,13,42,47,111,0,.234,.321,.386,.707
Byron Buxton,MIN,OF,102,355,62,99,27,3,18,56,20,99,7,.279,.335,.524,.859
Bo Naylor,CLE,C,123,354,39,71,10,2,13,39,29,122,6,.201,.264,.350,.614
Austin Wells,NYY,C,115,354,42,81,18,1,13,55,47,87,1,.229,.322,.395,.717
Josh Lowe,TB,OF,106,353,37,85,19,2,10,34,32,123,25,.241,.302,.391,.693
Lenyn Sosa,CWS,2B,100,351,28,89,13,0,8,35,12,77,3,.254,.283,.359,.642
Randy Arozarena,TB,OF,100,350,45,74,19,0,15,37,45,101,16,.211,.318,.394,.712
Jake Fraley,CIN,OF,116,350,44,97,19,2,5,26,26,70,20,.277,.330,.386,.716
Lars Nootbaar,STL,OF,109,348,39,85,18,3,12,45,52,79,7,.244,.342,.417,.759
Will Benson,CIN,OF,128,343,41,64,19,2,14,43,40,154,16,.187,.274,.376,.650
Spencer Torkelson,DET,1B,92,342,45,75,21,1,10,37,33,105,0,.219,.295,.374,.669
Jorge Soler,SF,OF,93,341,57,82,23,1,12,40,44,97,1,.240,.330,.419,.749
Alejandro Kirk,TOR,C,103,340,23,86,19,1,5,54,35,51,0,.253,.319,.359,.678
Freddy Fermin,KC,C,111,339,40,92,14,0,6,36,23,66,2,.271,.319,.366,.685
Johan Rojas,PHI,OF,120,338,47,82,12,3,3,32,13,69,25,.243,.279,.322,.601
Geraldo Perdomo,ARI,SS,98,337,61,92,21,2,3,37,36,58,9,.273,.344,.374,.718
Abraham Toro,OAK,3B,94,337,34,81,17,1,6,26,20,62,4,.240,.293,.350,.643
Anthony Rizzo,NYY,1B,92,337,38,77,12,0,8,35,27,65,0,.228,.301,.335,.636
Paul DeJong,CWS,SS,102,337,39,77,14,0,18,41,14,112,2,.228,.275,.430,.705
Starling Marte,NYM,OF,94,335,46,90,13,3,7,40,27,81,16,.269,.327,.388,.715
David Fry,CLE,C,122,335,44,88,18,1,14,51,42,84,4,.263,.356,.448,.804
Michael Massey,KC,2B,100,332,45,86,17,2,14,45,15,56,1,.259,.294,.449,.743
Jonny DeLuca,TB,OF,107,332,29,72,12,4,6,31,24,77,16,.217,.278,.331,.609
LaMonte Wade,SF,1B,117,331,45,86,16,0,8,34,62,90,2,.260,.380,.381,.761
Tyler Freeman,CLE,OF,118,330,48,69,14,1,7,32,28,53,11,.209,.305,.321,.626
Will Brennan,CLE,OF,114,330,37,87,13,2,8,30,19,48,4,.264,.309,.388,.697
Spencer Horwitz,TOR,1B,97,328,46,87,19,0,12,40,42,70,0,.265,.357,.433,.790
Miguel Amaya,CHC,C,117,328,32,76,13,2,8,47,23,62,0,.232,.288,.357,.645
Brandon Drury,LAA,2B,97,325,28,55,7,0,4,15,27,81,1,.169,.242,.228,.470
Jake Cave,COL,OF,123,323,42,81,16,5,7,37,18,98,5,.251,.290,.396,.686
Mark Canha,DET,1B,93,320,42,74,17,0,7,38,42,79,4,.231,.337,.350,.687
Carlos Correa,MIN,SS,86,319,55,99,20,2,14,54,40,61,0,.310,.388,.517,.905
Tyrone Taylor,NYM,OF,130,319,47,79,22,3,7,35,19,80,11,.248,.299,.401,.700
Jesse Winker,WSH,OF,101,315,51,81,18,0,11,45,53,84,14,.257,.374,.419,.793
Manuel Margot,MIN,OF,129,315,37,75,17,1,4,31,21,54,5,.238,.289,.337,.626
Tyler Fitzgerald,SF,SS,96,314,53,88,19,2,15,34,22,108,17,.280,.334,.497,.831
Bo Bichette,TOR,SS,81,311,29,70,16,1,4,31,20,64,5,.225,.277,.322,.599
Jake Rogers,DET,C,102,310,43,61,16,1,10,36,22,99,1,.197,.255,.352,.607
Francisco Alvarez,NYM,C,100,308,39,73,14,2,11,47,30,86,1,.237,.307,.403,.710
Nick Fortes,MIA,C,110,308,28,70,16,0,4,29,11,41,0,.227,.259,.318,.577
Miguel Rojas,LAD,SS,103,307,41,87,21,0,6,36,23,34,8,.283,.337,.410,.747
Travis d'Arnaud,ATL,C,99,307,40,73,16,0,15,48,24,89,1,.238,.302,.436,.738
Gabriel Moreno,ARI,C,97,305,39,81,18,1,5,45,41,52,3,.266,.353,.380,.733
Elias Diaz,COL,C,84,304,26,82,18,0,5,36,17,64,0,.270,.315,.378,.693
Adam Duvall,ATL,OF,104,303,29,55,10,0,11,30,21,99,0,.182,.245,.323,.568
Jake Bauers,MIL,1B,117,302,45,60,9,2,12,43,39,118,13,.199,.301,.361,.662
Miguel Andujar,OAK,OF,75,302,31,86,14,1,4,30,13,42,3,.285,.320,.377,.697
Willson Contreras,STL,C,84,301,48,79,17,0,15,36,45,96,4,.262,.380,.468,.848
Justin Turner,TOR,1B,91,301,37,77,17,0,6,31,39,60,0,.256,.350,.372,.722
Gio Urshela,DET,3B,92,300,25,73,10,1,5,37,19,49,0,.243,.286,.333,.619
Lane Thomas,WSH,OF,77,300,42,76,16,3,8,40,32,72,28,.253,.331,.407,.738
Ty France,SEA,1B,88,300,28,67,14,0,8,31,28,83,0,.223,.312,.350,.662
Oswaldo Cabrera,NYY,3B,109,299,47,74,11,0,8,36,21,63,4,.247,.296,.365,.661
Michael Siani,STL,OF,124,298,42,68,7,2,2,20,21,92,20,.228,.285,.285,.570
Mike Tauchman,CHC,OF,109,298,50,74,12,1,7,29,47,70,6,.248,.357,.366,.723
Zach McKinstry,DET,SS,118,297,32,64,14,5,4,23,24,69,16,.215,.277,.337,.614
TJ Friedl,CIN,OF,85,297,35,67,5,1,13,55,26,52,9,.226,.310,.380,.690
James Wood,WSH,OF,79,295,43,78,13,4,9,41,39,97,14,.264,.354,.427,.781
David Hamilton,BOS,2B,98,294,47,73,17,1,8,28,22,80,33,.248,.303,.395,.698
Christian Vazquez,MIN,C,93,294,29,65,10,0,7,27,11,65,3,.221,.248,.327,.575
Royce Lewis,MIN,3B,82,292,40,68,16,0,16,47,28,74,0,.233,.295,.452,.747
Ben Rortvedt,TB,C,112,290,27,66,13,0,3,31,34,88,1,.228,.317,.303,.620
Kevin Newman,ARI,SS,111,288,41,80,17,1,3,28,15,48,8,.278,.311,.375,.686
Donovan Solano,SD,2B,96,283,31,81,13,0,8,35,22,65,2,.286,.343,.417,.760
Luis Rengifo,LAA,2B,78,283,41,85,13,1,6,30,16,44,24,.300,.347,.417,.764
Joey Meneses,WSH,DH,76,281,19,65,11,0,3,42,21,63,2,.231,.291,.302,.593
Luis Campusano,SD,C,91,277,37,63,13,0,8,40,20,41,0,.227,.281,.361,.642
Kyle Tucker,HOU,OF,78,277,56,80,13,0,23,49,56,54,11,.289,.408,.585,.993
Javier Baez,DET,SS,80,272,25,50,12,0,6,37,12,69,8,.184,.221,.294,.515
Rob Refsnyder,BOS,OF,93,272,32,77,16,1,11,40,28,78,2,.283,.359,.471,.830
Ildemaro Vargas,WSH,3B,97,272,21,67,16,0,1,30,19,31,9,.246,.295,.316,.611
Ramon Urias,BAL,3B,100,272,39,69,9,2,11,37,23,55,1,.254,.322,.423,.745
Tommy Pham,CWS,OF,70,271,33,72,14,1,5,19,25,63,6,.266,.330,.380,.710
Jose Iglesias,NYM,2B,85,270,39,91,16,1,4,26,12,39,6,.337,.381,.448,.829
Christian Yelich,MIL,OF,73,270,44,85,12,3,11,42,40,58,21,.315,.406,.504,.910
Parker Meadows,DET,OF,82,270,39,66,12,6,9,28,25,76,9,.244,.310,.433,.743
Michael Taylor,PIT,OF,113,269,35,52,9,1,5,21,23,105,12,.193,.253,.290,.543
Ezequiel Duran,TEX,3B,92,268,26,66,11,0,3,20,14,63,1,.246,.288,.321,.609
Edouard Julien,MIN,2B,94,266,36,53,9,0,8,21,33,102,6,.199,.292,.323,.615
Xavier Edwards,MIA,SS,70,265,39,87,12,5,1,26,33,52,31,.328,.397,.423,.820
Richie Palacios,TB,2B,92,264,46,59,8,1,5,21,45,67,19,.223,.346,.318,.664
Amed Rosario,TB,2B,76,264,22,81,17,3,2,26,7,48,9,.307,.331,.417,.748
Kerry Carpenter,DET,OF,87,264,37,75,16,5,18,57,22,75,0,.284,.345,.587,.932
Adam Frazier,KC,2B,104,262,35,53,10,1,4,22,22,59,3,.202,.282,.294,.576
Nick Gordon,MIA,OF,95,260,29,59,11,1,8,32,11,67,5,.227,.258,.369,.627
Kevin Pillar,LAA,OF,83,259,37,61,14,1,7,41,12,61,10,.236,.291,.378,.669
Isiah Kiner-Falefa,TOR,SS,83,257,32,75,8,2,7,33,13,37,3,.292,.338,.420,.758
Nolan Jones,COL,OF,79,256,28,58,13,1,3,28,36,91,5,.227,.321,.320,.641
Randal Grichuk,ARI,OF,106,254,40,74,20,2,12,46,20,46,0,.291,.348,.528,.876
Joey Bart,PIT,C,80,253,38,67,11,0,13,45,22,73,0,.265,.337,.462,.799
Brett Wisely,SF,2B,91,252,25,60,13,1,4,31,13,65,2,.238,.278,.345,.623
Dominic Smith,BOS,1B,84,249,29,59,20,0,6,34,25,65,1,.237,.317,.390,.707
Edmundo Sosa,PHI,SS,90,249,39,64,12,4,7,31,13,66,7,.257,.313,.422,.735
Vidal Brujan,MIA,2B,102,248,32,55,14,2,2,16,25,54,5,.222,.303,.319,.622
Jack Suwinski,PIT,OF,88,247,29,45,8,0,9,26,27,79,9,.182,.264,.324,.588
Kyle Higashioka,SD,C,84,246,29,54,10,1,17,45,15,74,2,.220,.263,.476,.739
Tyler Nevin,OAK,3B,87,245,22,50,10,0,7,20,25,64,1,.204,.288,.331,.619
Victor Caratini,HOU,C,87,245,30,66,8,1,8,30,23,53,0,.269,.336,.408,.744
Gary Sanchez,MIL,C,89,245,30,54,7,1,11,37,27,76,0,.220,.307,.392,.699
Jacob Stallings,COL,C,82,243,31,64,17,1,9,36,27,65,0,.263,.357,.453,.810
Chas McCormick,HOU,OF,94,242,32,51,6,1,5,27,17,72,8,.211,.271,.306,.577
Max Muncy,LAD,3B,73,237,47,55,17,0,15,48,45,77,1,.232,.358,.494,.852
David Peralta,SD,OF,91,236,35,63,11,0,8,28,22,54,2,.267,.335,.415,.750
Tim Anderson,MIA,SS,65,234,16,50,3,0,0,9,7,68,4,.214,.237,.226,.463
Sean Murphy,ATL,C,72,233,19,45,5,1,10,25,27,67,0,.193,.284,.352,.636
Austin Martin,MIN,OF,93,233,41,59,18,1,1,16,20,47,7,.253,.318,.352,.670
Jonah Bride,MIA,1B,71,232,30,64,10,0,11,39,30,55,0,.276,.357,.461,.818
Noelvi Marte,CIN,3B,66,229,24,48,9,0,4,18,9,75,9,.210,.248,.301,.549
Ivan Herrera,STL,C,72,229,37,69,12,1,5,27,25,53,5,.301,.372,.428,.800
Willie Calhoun,LAA,OF,68,229,26,56,16,0,5,20,23,31,0,.245,.315,.380,.695
Victor Robles,SEA,OF,77,229,41,75,20,0,4,26,16,44,30,.328,.393,.467,.860
Eloy Jimenez,CWS,DH,65,229,18,55,9,0,5,16,18,47,3,.240,.297,.345,.642
Juan Yepez,WSH,1B,62,226,32,64,15,0,6,26,18,42,2,.283,.335,.429,.764
Elehuris Montero,COL,3B,67,224,23,46,10,0,4,28,20,56,0,.205,.267,.304,.571
Andy Ibanez,DET,2B,99,224,30,54,9,1,5,32,15,63,2,.241,.295,.357,.652
Dominic Fletcher,CWS,OF,72,223,14,46,8,0,1,17,11,58,0,.206,.252,.256,.508
Matt Wallner,MIN,OF,75,220,26,57,17,1,13,37,24,95,3,.259,.372,.523,.895
Eddie Rosario,WSH,OF,67,219,26,40,11,0,7,26,13,54,8,.183,.226,.329,.555
Taylor Walls,TB,SS,84,218,27,40,5,3,1,14,31,67,16,.183,.282,.248,.530
Ramon Laureano,ATL,OF,67,216,28,64,13,1,10,29,8,64,5,.296,.327,.505,.832
Kyle Farmer,MIN,SS,107,215,26,46,13,1,5,25,19,49,3,.214,.293,.353,.646
Yasmani Grandal,PIT,C,72,215,26,49,10,0,9,27,24,46,1,.228,.304,.400,.704
Wilmer Flores,SF,1B,71,214,19,44,12,0,4,26,20,33,0,.206,.277,.318,.595
James McCann,BAL,C,66,214,27,50,9,0,8,31,13,56,1,.234,.279,.388,.667
Chris Taylor,LAD,2B,87,213,28,43,7,1,4,23,28,76,5,.202,.298,.300,.598
Garrett Hampson,KC,SS,113,213,16,49,13,1,0,16,14,59,7,.230,.275,.300,.575
Triston Casas,BOS,1B,63,212,28,51,8,0,13,32,30,77,0,.241,.337,.462,.799
Hunter Goodman,COL,C,70,211,24,40,9,0,13,36,8,64,1,.190,.228,.417,.645
Jose Trevino,NYY,C,74,209,26,45,5,0,8,28,20,41,1,.215,.288,.354,.642
Stuart Fairchild,CIN,OF,94,209,33,45,8,0,8,30,17,60,13,.215,.286,.368,.654
Isiah Kiner-Falefa,PIT,SS,50,208,21,50,10,2,1,10,3,41,8,.240,.265,.322,.587
Addison Barger,TOR,3B,69,208,20,41,11,0,7,28,14,60,2,.197,.250,.351,.601
Anthony Rendon,LAA,3B,57,206,21,45,10,0,0,14,23,35,6,.218,.307,.267,.574
Nick Senzel,WSH,OF,64,206,25,43,10,0,7,18,27,53,1,.209,.303,.359,.662
Nelson Velazquez,KC,DH,64,205,31,41,8,1,8,27,19,61,2,.200,.274,.366,.640
Justyn-Henry Malloy,DET,OF,71,202,18,41,7,1,8,21,23,85,1,.203,.291,.366,.657
Pedro Pages,STL,C,68,202,19,48,3,2,7,27,13,58,2,.238,.281,.376,.657
Enmanuel Valdez,BOS,2B,76,201,23,43,12,0,6,28,17,53,1,.214,.270,.363,.633
Emmanuel Rivera,MIA,3B,97,201,15,43,6,1,1,15,20,51,2,.214,.294,.269,.563
DJ LeMahieu,NYY,3B,67,201,19,41,5,0,2,26,19,35,0,.204,.269,.259,.528
Kevin Kiermaier,TOR,OF,82,200,24,39,7,2,4,18,10,66,5,.195,.236,.310,.546
Randy Arozarena,SEA,OF,54,199,32,46,14,0,5,23,28,68,4,.231,.356,.377,.733
Romy Gonzalez,BOS,2B,89,199,25,53,10,1,6,29,12,58,11,.266,.306,.417,.723
Danny Jansen,TOR,C,62,198,27,42,13,0,6,18,25,42,0,.212,.303,.369,.672
Garrett Mitchell,MIL,OF,69,196,33,50,12,3,8,21,25,71,11,.255,.342,.469,.811
Daniel Schneemann,CLE,SS,73,193,17,42,10,2,5,22,25,70,3,.218,.303,.368,.671
Ronald Acuna,ATL,OF,49,192,38,48,8,1,4,15,27,53,16,.250,.351,.365,.716
Jorge Mateo,BAL,2B,68,192,30,44,14,2,5,18,10,48,13,.229,.267,.401,.668
Travis Jankowski,TEX,OF,104,190,19,38,5,0,1,12,12,44,11,.200,.266,.242,.508
Trey Lipscomb,WSH,3B,61,190,20,38,3,0,1,10,16,40,11,.200,.268,.232,.500
Jackson Holliday,BAL,2B,60,190,28,36,4,2,5,23,15,69,4,.189,.255,.311,.566
Tyler Soderstrom,OAK,1B,61,189,18,44,10,0,9,26,20,53,0,.233,.315,.429,.744
Carson Kelly,DET,C,60,179,21,43,4,1,7,29,17,40,0,.240,.325,.391,.716
Trent Grisham,NYY,OF,76,179,21,34,8,0,9,31,22,57,1,.190,.290,.385,.675
Isaac Paredes,CHC,3B,52,179,23,40,6,0,3,25,24,37,1,.223,.325,.307,.632
Ty France,CIN,1B,52,179,18,45,10,0,5,20,10,31,1,.251,.292,.391,.683
Leo Jimenez,TOR,SS,63,179,18,41,11,0,4,19,12,59,0,.229,.329,.358,.687
Jhonkensy Noel,CLE,OF,67,179,25,39,7,1,13,28,13,63,0,.218,.288,.486,.774
Josh Jung,TEX,3B,46,178,19,47,5,1,7,16,8,48,4,.264,.298,.421,.719
Jazz Chisholm,NYY,3B,46,176,28,48,7,0,11,23,14,45,18,.273,.325,.500,.825
Edward Olivares,PIT,OF,55,174,22,39,4,0,5,23,16,37,1,.224,.291,.333,.624
Christopher Morel,TB,2B,49,173,13,33,4,2,3,9,14,56,1,.191,.258,.289,.547
Corey Julks,CWS,OF,66,173,17,37,7,0,3,14,15,50,5,.214,.275,.306,.581
Jason Heyward,LAD,OF,63,173,25,36,10,2,6,28,17,36,4,.208,.289,.393,.682
Brooks Lee,MIN,SS,50,172,9,38,6,1,3,27,11,27,3,.221,.265,.320,.585
Lane Thomas,CLE,OF,53,172,23,36,10,0,7,23,12,65,4,.209,.267,.390,.657
Daz Cameron,OAK,OF,66,170,22,34,5,1,5,15,13,51,5,.200,.258,.329,.587
Jordan Beck,COL,OF,55,170,14,32,6,0,3,13,12,65,7,.188,.245,.276,.521
Dominic Canzone,SEA,OF,67,168,20,33,7,0,8,17,18,53,1,.196,.271,.381,.652
Blaze Alexander,ARI,SS,61,166,19,41,7,0,3,21,15,49,3,.247,.321,.343,.664
Junior Caminero,TB,3B,43,165,15,41,9,1,6,18,11,38,2,.248,.299,.424,.723
Jordan Walker,STL,OF,51,164,16,33,10,1,5,20,10,50,1,.201,.253,.366,.619
Garrett Stubbs,PHI,C,56,164,18,34,4,1,1,11,17,50,5,.207,.296,.262,.558
Harold Ramirez,TB,DH,48,164,21,44,3,0,1,13,3,33,5,.268,.284,.305,.589
Bryan De La Cruz,PIT,OF,44,160,17,32,6,0,3,17,4,52,2,.200,.220,.294,.514
Justin Turner,SEA,1B,48,159,22,42,7,0,5,24,20,35,0,.264,.363,.403,.766
Alex Kirilloff,MIN,OF,57,159,20,32,8,3,5,20,15,47,0,.201,.270,.384,.654
DJ Stewart,NYM,OF,74,158,16,28,4,0,5,19,31,48,1,.177,.325,.297,.622
Patrick Wisdom,CHC,3B,75,158,16,27,7,2,8,23,10,59,5,.171,.237,.392,.629
Matt Thaiss,LAA,C,57,157,14,32,9,0,2,16,28,58,3,.204,.323,.299,.622
Austin Hays,BAL,OF,63,157,18,40,13,0,3,14,9,40,0,.255,.316,.395,.711
Jose Tena,WSH,3B,41,157,14,43,5,0,3,15,7,39,6,.274,.305,.363,.668
Kyle Stowers,MIA,OF,50,156,12,29,7,2,2,15,13,61,0,.186,.262,.295,.557
Whit Merrifield,PHI,2B,53,156,21,31,4,1,3,11,15,19,11,.199,.277,.295,.572
Nick Ahmed,SF,SS,52,155,13,36,6,1,1,15,10,35,1,.232,.278,.303,.581
Brett Baty,NYM,3B,50,153,15,35,3,0,4,16,16,42,0,.229,.306,.327,.633
Gabriel Arias,CLE,SS,53,153,15,34,9,1,3,15,6,53,5,.222,.255,.353,.608
Jorge Soler,ATL,OF,49,152,27,37,11,0,9,24,24,44,0,.243,.356,.493,.849
Ben Rice,NYY,1B,50,152,20,26,6,0,7,23,20,48,0,.171,.264,.349,.613
Angel Martinez,CLE,OF,43,151,16,35,7,0,3,11,15,33,3,.232,.298,.338,.636
Luis Matos,SF,OF,45,150,14,32,5,0,5,25,5,24,0,.213,.237,.347,.584
Nick Loftin,KC,1B,57,148,15,28,4,0,1,14,19,24,1,.189,.282,.236,.518
Connor Norby,MIA,3B,36,146,29,36,8,0,7,17,15,52,3,.247,.315,.445,.760
Nick Martini,CIN,OF,52,146,23,31,4,2,5,24,9,38,1,.212,.272,.370,.642
Kyle Manzardo,CLE,DH,53,145,11,34,12,0,5,15,9,41,0,.234,.282,.421,.703
Jung Hoo Lee,SF,OF,37,145,15,38,4,0,2,8,10,13,2,.262,.310,.331,.641
Victor Scott,STL,OF,53,145,14,26,9,0,2,10,6,42,5,.179,.219,.283,.502
Evan Carter,TEX,OF,45,144,23,27,6,2,5,15,15,43,2,.188,.272,.361,.633
Kyle McCann,OAK,C,54,140,13,33,4,0,5,15,16,59,0,.236,.318,.371,.689
Josh Bell,ARI,1B,41,140,24,39,5,1,5,22,17,32,0,.279,.361,.436,.797
Austin Barnes,LAD,C,54,140,12,37,3,0,1,11,14,36,3,.264,.331,.307,.638
Alex Jackson,TB,C,58,139,17,17,7,0,3,12,12,53,1,.122,.201,.237,.438
Reese McGuire,BOS,C,53,139,10,29,3,0,3,18,13,39,3,.209,.280,.295,.575
Tommy Edman,LAD,OF,37,139,20,33,5,1,6,20,11,30,6,.237,.294,.417,.711
Sam Hilliard,COL,OF,58,138,26,33,5,1,10,27,14,56,5,.239,.305,.507,.812
Tyler Wade,SD,3B,90,138,28,30,3,0,0,8,11,29,8,.217,.285,.239,.524
Whit Merrifield,ATL,2B,42,137,23,34,5,2,1,4,20,33,6,.248,.348,.336,.684
Luis Arraez,MIA,1B,33,137,22,41,8,1,0,5,8,11,0,.299,.347,.372,.719
Matt Carpenter,STL,DH,59,137,15,32,7,0,4,15,15,51,0,.234,.314,.372,.686
Pavin Smith,ARI,OF,60,137,26,37,11,0,9,36,18,31,1,.270,.348,.547,.895
Joey Loperfido,TOR,OF,43,137,13,27,8,3,2,9,6,52,2,.197,.236,.343,.579
James Outman,LAD,OF,53,136,12,20,4,0,4,11,16,55,2,.147,.256,.265,.521
Miguel Vargas,CWS,3B,42,135,11,14,3,0,2,7,17,41,2,.104,.217,.170,.387
Martin Maldonado,CWS,C,48,135,9,16,3,0,4,11,8,51,0,.119,.174,.230,.404
Luke Maile,CIN,C,55,135,8,24,4,0,2,8,13,52,2,.178,.268,.252,.520
Kris Bryant,COL,DH,37,133,9,29,5,0,2,15,13,48,0,.218,.323,.301,.624
Austin Hedges,CLE,C,66,132,12,20,3,0,2,15,6,50,2,.152,.203,.220,.423
Gio Urshela,ATL,3B,36,132,9,35,9,0,4,15,4,23,0,.265,.287,.424,.711
Danny Mendick,CWS,SS,47,132,13,26,7,0,3,8,6,35,6,.197,.243,.318,.561
Jonathan Aranda,TB,1B,44,128,22,30,7,0,6,14,12,32,0,.234,.308,.430,.738
Andruw Monasterio,MIL,2B,59,125,14,26,5,0,1,16,16,40,6,.208,.303,.272,.575
Grant McCray,SF,OF,37,124,13,25,3,2,5,10,6,56,5,.202,.238,.379,.617
J.D. Davis,OAK,3B,39,123,12,29,4,0,4,5,9,30,0,.236,.304,.366,.670
Curtis Mead,TB,2B,38,122,10,29,3,0,1,7,6,30,2,.238,.282,.287,.569
Dylan Carlson,STL,OF,59,121,12,24,5,0,0,11,12,37,0,.198,.275,.240,.515
Andres Chaparro,WSH,DH,33,121,12,26,12,0,4,15,7,24,1,.215,.280,.413,.693
Darell Hernaiz,OAK,3B,48,120,8,23,3,0,1,12,11,27,1,.192,.261,.242,.503
Dairon Blanco,KC,OF,88,120,37,31,4,0,4,13,8,32,31,.258,.308,.392,.700
Dylan Crews,WSH,OF,31,119,12,26,5,1,3,8,11,26,12,.218,.288,.353,.641
Luis Torrens,NYM,C,48,118,14,27,8,0,3,15,9,28,0,.229,.292,.373,.665
Riley Adams,WSH,C,41,116,10,26,5,1,2,8,10,35,1,.224,.292,.336,.628
Christian Encarnacion-Strand,CIN,1B,29,116,13,22,6,0,2,16,4,35,0,.190,.220,.293,.513
Jesse Winker,NYM,OF,44,115,12,28,5,0,3,13,10,22,0,.243,.318,.365,.683
Dylan Carlson,TB,OF,37,114,7,25,2,0,3,14,10,38,2,.219,.299,.316,.615
Kody Clemens,PHI,3B,44,114,17,25,9,1,5,18,5,29,0,.219,.258,.447,.705
Brooks Baldwin,CWS,2B,33,114,9,24,6,0,2,8,6,31,4,.211,.250,.316,.566
Jerar Encarnacion,SF,OF,35,113,13,28,5,0,5,19,5,34,1,.248,.277,.425,.702
Jose Abreu,HOU,1B,35,113,10,14,2,0,2,7,4,28,0,.124,.167,.195,.362
Cavan Biggio,TOR,2B,44,110,15,22,4,0,2,9,14,42,2,.200,.323,.291,.614
Michael Stefanic,LAA,2B,40,110,8,24,4,0,0,8,10,20,0,.218,.301,.255,.556
Trey Sweeney,DET,SS,36,110,11,24,5,0,4,17,7,32,2,.218,.269,.373,.642
Mike Trout,LAA,OF,29,109,17,24,1,2,10,14,16,27,6,.220,.325,.541,.866
Curt Casali,SF,C,41,108,12,21,3,0,1,8,13,22,0,.194,.293,.250,.543
Paul DeJong,KC,SS,37,108,15,24,3,0,6,15,9,44,0,.222,.277,.417,.694
Derek Hill,MIA,OF,32,107,11,25,4,1,4,18,2,39,4,.234,.259,.402,.661
Casey Schmitt,SF,2B,40,107,11,27,4,1,6,16,4,25,0,.252,.283,.477,.760
Joey Loperfido,HOU,OF,38,106,11,25,5,1,2,16,7,43,2,.236,.299,.358,.657
Robbie Grossman,TEX,OF,46,105,13,25,4,0,3,10,16,25,1,.238,.336,.362,.698
Vaughn Grissom,BOS,2B,31,105,10,20,3,0,0,6,7,24,2,.190,.246,.219,.465
Cristian Pache,PHI,OF,50,104,9,21,5,1,0,9,13,43,0,.202,.288,.269,.557
Luis Guillorme,LAA,2B,51,104,6,24,5,1,0,3,11,23,1,.231,.302,.298,.600
Henry Davis,PIT,C,37,104,9,15,4,0,1,5,13,45,0,.144,.242,.212,.454
Brett Harris,OAK,3B,36,103,15,15,3,0,3,12,17,25,0,.146,.276,.262,.538
Carson Kelly,TEX,C,31,102,11,24,5,0,2,8,8,15,0,.235,.291,.343,.634
Tommy Pham,KC,OF,23,101,9,23,3,1,2,8,3,27,1,.228,.250,.337,.587
Bryan Ramos,CWS,3B,32,99,13,20,4,0,3,11,7,22,0,.202,.252,.333,.585
Alex Call,WSH,OF,30,99,15,34,9,0,3,14,12,19,5,.343,.425,.525,.950
Heston Kjerstad,BAL,OF,39,99,8,25,2,0,4,14,10,33,1,.253,.351,.394,.745
Miles Mastrobuoni,CHC,3B,50,98,9,19,3,0,0,4,7,17,2,.194,.245,.224,.469
Estevan Florial,CLE,OF,36,98,11,17,6,2,3,11,11,41,2,.173,.264,.367,.631
Nick Allen,OAK,SS,41,97,6,17,4,0,1,4,5,20,0,.175,.216,.247,.463
Jose Herrera,ARI,C,42,97,11,22,4,1,1,13,9,27,0,.227,.290,.320,.610
Ryan Noda,OAK,1B,36,95,8,13,4,0,1,4,14,37,0,.137,.255,.211,.466
Alek Thomas,ARI,OF,39,95,13,18,5,1,3,17,7,17,4,.189,.245,.358,.603
Eloy Jimenez,BAL,DH,33,95,7,22,5,0,1,7,4,23,0,.232,.270,.316,.586
Dane Myers,MIA,OF,44,95,17,25,6,1,3,19,8,36,4,.263,.333,.442,.775
Oliver Dunn,MIL,2B,41,95,11,21,2,2,1,7,6,40,3,.221,.282,.316,.598
Trevor Story,BOS,SS,26,94,8,24,7,0,2,10,11,33,6,.255,.340,.394,.734
Aaron Schunk,COL,3B,39,94,14,22,3,0,2,7,4,31,0,.234,.265,.330,.595
Luis Urias,SEA,3B,41,94,11,18,7,0,4,16,9,34,0,.191,.303,.394,.697
Niko Kavadas,LAA,DH,30,93,11,17,2,0,4,8,11,41,1,.183,.283,.333,.616
Jacob Wilson,OAK,SS,28,92,11,23,2,2,0,3,8,10,0,.250,.314,.315,.629
Sean Bouchard,COL,OF,31,91,14,17,7,0,1,8,12,33,4,.187,.290,.297,.587
Yan Gomes,CHC,C,34,91,7,14,2,0,2,7,2,36,0,.154,.179,.242,.421
Austin Slater,SF,OF,43,90,12,18,1,0,1,9,16,31,2,.200,.330,.244,.574
Andrew Knizner,TEX,C,37,90,5,15,1,0,1,9,1,22,0,.167,.183,.211,.394
Weston Wilson,PHI,OF,41,88,13,25,7,1,3,10,8,29,3,.284,.347,.489,.836
Alika Williams,PIT,SS,37,87,13,18,4,2,0,5,3,22,1,.207,.242,.299,.541
Nick Madrigal,CHC,2B,51,86,5,19,3,0,0,10,4,10,1,.221,.280,.256,.536
Trey Cabbage,HOU,OF,45,86,12,18,8,0,1,8,4,34,1,.209,.253,.337,.590
Ali Sanchez,MIA,C,31,84,5,14,2,0,0,4,4,24,2,.167,.211,.190,.401
Dillon Dingler,DET,C,27,84,2,14,5,2,1,11,3,30,0,.167,.195,.310,.505
Miguel Sano,LAA,1B,28,83,9,17,3,0,2,6,9,36,0,.205,.295,.313,.608
Bobby Dalbec,BOS,1B,37,83,6,11,2,0,1,8,8,43,3,.133,.217,.193,.410
Tomas Nido,NYM,C,32,83,9,19,2,0,3,8,4,20,0,.229,.261,.361,.622
Griffin Conine,MIA,OF,30,82,14,22,4,1,3,12,6,28,0,.268,.326,.451,.777
Christian Bethancourt,MIA,C,38,82,9,13,3,0,2,7,3,22,0,.159,.198,.268,.466
Will Wagner,TOR,2B,24,82,8,25,6,0,2,11,4,16,0,.305,.337,.451,.788
Tucker Barnhart,ARI,C,31,81,13,14,3,0,0,6,13,31,1,.173,.287,.210,.497
Danny Jansen,BOS,C,30,80,8,15,0,0,3,6,15,19,0,.188,.323,.300,.623
Adrian Del Castillo,ARI,C,25,80,12,25,5,0,4,19,7,28,1,.313,.368,.525,.893
Jace Jung,DET,3B,34,79,14,19,5,0,0,3,15,29,0,.241,.362,.304,.666
Austin Hays,PHI,OF,22,78,8,20,5,0,2,6,0,19,2,.256,.275,.397,.672
Eddie Rosario,ATL,OF,24,78,7,12,1,0,3,9,3,23,1,.154,.181,.282,.463
Nick Sogard,BOS,SS,31,77,13,21,4,0,0,8,7,25,3,.273,.326,.325,.651
Nathan Lukes,TOR,OF,22,76,13,23,4,2,1,10,10,9,1,.303,.371,.447,.818
Marco Luciano,SF,SS,27,76,10,16,5,1,0,3,5,28,0,.211,.259,.303,.562
Ji Hwan Bae,PIT,OF,29,74,11,14,2,0,0,6,6,24,6,.189,.247,.216,.463
Harold Ramirez,WSH,DH,25,74,7,18,4,1,1,16,2,17,1,.243,.273,.365,.638
Jose Azocar,SD,OF,61,73,13,16,2,0,0,2,5,19,5,.219,.269,.247,.516
Akil Baddoo,DET,OF,31,73,7,10,2,2,2,5,8,27,1,.137,.220,.301,.521
Mark Canha,SF,1B,32,73,4,21,3,0,0,4,9,17,3,.288,.376,.329,.705
Cavan Biggio,LAD,2B,30,73,11,14,1,0,3,10,10,28,0,.192,.306,.329,.635
Leo Rivas,SEA,2B,43,73,10,17,1,1,0,8,10,24,3,.233,.333,.274,.607
Eric Wagaman,LAA,3B,18,72,6,18,5,0,2,10,2,17,0,.250,.270,.403,.673
Miguel Vargas,LAD,3B,30,71,11,17,4,0,3,9,8,16,1,.239,.313,.423,.736
Brandon Crawford,STL,SS,29,71,5,12,5,0,1,4,8,26,0,.169,.263,.282,.545
Robbie Grossman,CWS,OF,25,71,6,15,4,0,0,4,13,20,2,.211,.329,.268,.597
Jose Fermin,STL,2B,45,71,7,11,1,1,0,4,7,11,2,.155,.241,.197,.438
Daniel Vogelbach,TOR,DH,31,70,5,13,5,0,1,8,9,17,0,.186,.278,.300,.578
Chuckie Robinson,CWS,C,26,70,2,9,0,0,0,0,5,20,0,.129,.197,.129,.326
Garrett Cooper,BOS,1B,24,70,3,12,4,0,0,5,3,22,0,.171,.227,.229,.456
Ramon Laureano,CLE,OF,31,70,7,10,3,0,1,4,7,32,3,.143,.265,.229,.494
Austin Slater,BAL,OF,33,69,10,17,3,0,1,6,8,23,1,.246,.342,.333,.675
Tommy Pham,STL,OF,23,68,7,14,3,1,2,12,7,16,0,.206,.286,.368,.654
Joshua Palacios,PIT,OF,23,67,10,15,2,0,2,9,10,12,1,.224,.333,.343,.676
Bligh Madris,DET,OF,21,67,8,18,3,0,1,5,6,20,0,.269,.324,.358,.682
Jacob Amaya,CWS,SS,23,67,4,12,1,0,0,3,4,28,1,.179,.225,.194,.419
Zach DeLoach,CWS,OF,22,67,10,14,5,0,1,5,8,21,0,.209,.293,.328,.621
Jack Lopez,LAA,2B,27,67,4,17,3,0,1,6,2,25,0,.254,.286,.343,.629
Eric Haase,MIL,C,30,66,10,18,1,0,5,14,3,28,0,.273,.304,.515,.819
Jon Berti,NYY,3B,25,66,10,18,0,0,1,6,6,14,5,.273,.342,.318,.660
Omar Narvaez,NYM,C,28,65,4,10,2,0,0,5,3,12,0,.154,.191,.185,.376
Emmanuel Rivera,BAL,3B,27,64,9,20,3,1,4,14,6,18,0,.313,.370,.578,.948
Braden Shewmake,CWS,SS,29,64,4,8,2,0,1,4,1,10,5,.125,.134,.203,.337
Alan Trejo,COL,SS,28,63,4,9,0,0,0,1,2,15,0,.143,.182,.143,.325
Bryce Johnson,SD,OF,47,63,9,13,2,0,0,4,7,12,1,.206,.286,.238,.524
Brian Serven,TOR,C,28,63,6,10,4,0,0,3,5,22,0,.159,.243,.222,.465
Ryan Bliss,SEA,2B,33,63,10,14,3,1,2,9,5,22,5,.222,.290,.397,.687
Zach Dezenzo,HOU,1B,19,62,5,15,2,0,2,8,3,22,0,.242,.277,.371,.648
Nasim Nunez,WSH,SS,51,61,14,15,1,0,0,1,12,15,8,.246,.370,.262,.632
Mike Ford,CIN,DH,17,60,2,9,0,1,1,4,2,15,0,.150,.177,.233,.410
Pablo Reyes,BOS,SS,21,60,4,11,2,0,0,5,3,19,1,.183,.234,.217,.451
Cristian Pache,MIA,OF,35,60,4,11,3,0,1,7,4,21,1,.183,.234,.283,.517
Kevin Kiermaier,LAD,OF,34,59,7,12,2,1,1,8,2,20,1,.203,.242,.322,.564
Ryan Kreidler,DET,SS,35,59,9,7,0,0,1,2,6,19,5,.119,.200,.169,.369
David Dahl,PHI,OF,19,58,6,12,2,0,3,8,3,21,0,.207,.242,.397,.639
Ben Gamel,HOU,OF,20,58,13,15,3,0,1,4,11,17,0,.259,.377,.362,.739
Christian Bethancourt,CHC,C,24,57,9,16,4,0,3,15,2,14,3,.281,.305,.509,.814
Aaron Hicks,LAA,OF,18,57,6,8,0,0,1,5,6,23,0,.140,.222,.193,.415
Amed Rosario,CIN,2B,22,57,6,9,0,0,1,4,1,23,3,.158,.186,.211,.397
Drew Millas,WSH,C,20,57,7,14,1,0,1,1,5,16,4,.246,.306,.316,.622
Jasson Dominguez,NYY,OF,18,56,8,10,1,0,2,4,11,19,5,.179,.313,.304,.617
Esteury Ruiz,OAK,OF,29,55,10,11,2,1,2,8,4,20,5,.200,.270,.382,.652
Jason Heyward,HOU,OF,24,55,8,12,2,0,4,9,5,17,1,.218,.283,.473,.756
Jacob Hurtubise,CIN,OF,29,54,7,10,1,1,0,4,6,18,2,.185,.297,.241,.538
Zack Short,ATL,2B,30,54,9,8,3,0,0,5,12,16,2,.148,.313,.204,.517
Yuli Gurriel,KC,1B,18,54,7,13,3,0,0,6,9,15,1,.241,.338,.296,.634
Jared Walsh,TEX,1B,17,53,9,12,2,0,1,7,7,21,0,.226,.317,.321,.638
Eguy Rosario,SD,3B,30,53,5,13,6,0,3,6,2,20,0,.245,.286,.528,.814
David Hensley,MIA,DH,23,52,9,11,1,0,1,4,6,17,1,.212,.293,.288,.581
Chadwick Tromp,ATL,C,19,52,3,13,6,0,0,6,1,17,0,.250,.259,.365,.624
Drew Romo,COL,C,16,51,4,9,3,0,0,6,2,18,0,.176,.208,.235,.443
Kyren Paris,LAA,SS,21,51,4,6,2,0,1,5,7,17,1,.118,.224,.216,.440
Rafael Marchan,PHI,C,17,51,8,15,4,0,3,6,3,8,0,.294,.345,.549,.894
Cole Tucker,LAA,OF,25,50,3,9,4,1,0,3,6,17,3,.180,.263,.300,.563
Avisail Garcia,MIA,OF,18,50,4,12,1,0,2,2,1,13,0,.240,.255,.380,.635
Mason McCoy,SD,SS,19,49,7,10,2,0,0,3,5,19,1,.204,.278,.245,.523
Tyler Black,MIL,DH,18,49,4,10,2,0,0,2,7,17,3,.204,.316,.245,.561
Thomas Saggese,STL,2B,18,49,5,10,2,0,1,4,2,14,0,.204,.250,.306,.556
Billy Cook,PIT,OF,16,49,5,11,2,0,3,8,0,19,1,.224,.224,.449,.673
Nick Ahmed,LAD,SS,17,48,6,11,0,0,1,2,1,14,1,.229,.245,.292,.537
Tomas Nido,CHC,C,17,47,5,6,2,0,1,4,1,15,0,.128,.143,.234,.377
Davis Wendzel,TEX,3B,27,47,2,6,2,0,1,2,1,12,0,.128,.163,.234,.397
Rece Hinds,CIN,OF,24,46,9,12,4,1,5,11,4,16,2,.261,.333,.717,1.050
David Bote,CHC,2B,37,46,4,14,4,0,0,6,2,13,0,.304,.333,.391,.724
Luke Williams,ATL,SS,37,46,8,9,3,0,0,4,4,13,3,.196,.275,.261,.536
Gustavo Campero,LAA,OF,13,46,6,11,0,1,1,6,0,8,3,.239,.271,.348,.619
Tyler Locklear,SEA,1B,16,45,3,7,1,0,2,3,3,20,1,.156,.224,.311,.535
Ryan Vilade,DET,OF,17,45,5,8,0,0,1,5,2,12,0,.178,.208,.244,.452
Derek Hill,TEX,OF,16,43,5,11,0,0,3,5,2,14,2,.256,.289,.465,.754
Jahmai Jones,NYY,DH,33,42,8,10,1,1,1,4,2,16,1,.238,.304,.381,.685
Austin Shenton,TB,3B,19,42,3,9,5,0,1,3,8,14,0,.214,.340,.405,.745
Justin Foscue,TEX,DH,15,42,3,2,1,0,0,1,2,18,0,.048,.091,.071,.162
Rene Pinto,TB,C,19,42,5,9,3,0,2,6,4,18,0,.214,.292,.429,.721
Coby Mayo,BAL,3B,17,41,4,4,0,0,0,0,4,22,0,.098,.196,.098,.294
Shay Whitcomb,HOU,3B,20,41,1,9,3,0,0,5,5,8,0,.220,.304,.293,.597
Jonatan Clase,SEA,OF,19,41,4,8,1,0,0,3,2,14,3,.195,.233,.220,.453
Luken Baker,STL,DH,21,40,3,7,1,1,2,10,7,11,1,.175,.286,.400,.686
Jamie Westbrook,BOS,OF,21,40,4,6,2,0,2,7,4,14,0,.150,.234,.350,.584
Yoan Moncada,CWS,3B,12,40,4,11,3,1,0,0,5,11,1,.275,.356,.400,.756
Luisangel Acuna,NYM,SS,14,39,6,12,2,1,3,6,1,6,0,.308,.325,.641,.966
Eli White,ATL,OF,35,39,9,11,1,1,1,4,1,12,3,.282,.333,.436,.769
Seby Zavala,SEA,C,18,39,4,6,2,0,1,2,3,16,0,.154,.214,.282,.496
Jhonny Pereda,MIA,C,20,39,2,9,0,0,0,4,0,10,0,.231,.250,.231,.481
Nick Yorke,PIT,2B,11,37,4,8,0,0,2,5,4,12,2,.216,.286,.378,.664
Armando Alvarez,OAK,3B,16,37,7,9,1,0,0,2,2,8,1,.243,.282,.270,.552
Steward Berroa,TOR,OF,28,37,7,7,1,0,0,1,8,14,6,.189,.333,.216,.549
Garrett Cooper,CHC,1B,12,37,3,10,1,1,1,6,4,13,0,.270,.341,.432,.773
Jonathan Ornelas,TEX,SS,18,37,1,8,2,0,0,3,2,13,0,.216,.256,.270,.526
Luis Guillorme,ARI,2B,18,37,6,6,2,0,0,4,11,8,3,.162,.347,.216,.563
Joey Wendle,NYM,3B,18,36,3,8,1,0,0,1,1,9,1,.222,.243,.250,.493
Kyle Stowers,BAL,OF,19,36,3,11,4,0,1,9,0,13,0,.306,.297,.500,.797
Adael Amador,COL,2B,10,35,1,6,1,0,0,0,1,6,1,.171,.194,.200,.394
Logan Driscoll,TB,C,15,35,2,6,0,0,1,5,1,6,0,.171,.189,.257,.446
Jordyn Adams,LAA,OF,11,35,4,8,0,0,1,4,3,12,2,.229,.289,.314,.603
David Villar,SF,2B,11,35,3,9,4,0,1,4,1,13,0,.257,.270,.457,.727
Javier Sanoja,MIA,OF,15,35,3,8,2,0,0,2,1,4,0,.229,.250,.286,.536
Tom Murphy,SF,C,13,34,3,4,1,0,1,2,4,14,0,.118,.211,.235,.446
Oscar Colas,CWS,OF,13,33,1,9,0,0,0,4,4,10,0,.273,.368,.273,.641
Zach Remillard,CWS,2B,15,33,3,8,1,1,0,1,5,10,1,.242,.342,.333,.675
Connor Norby,BAL,3B,9,32,3,6,1,0,2,3,0,12,0,.188,.188,.406,.594
Graham Pauley,SD,3B,13,32,4,4,0,0,2,5,0,15,0,.125,.125,.313,.438
Blake Sabol,SF,C,11,32,3,10,2,0,0,1,5,9,0,.313,.421,.375,.796
Robbie Grossman,KC,OF,16,32,2,4,0,0,0,2,5,13,0,.125,.263,.125,.388
Travis Blankenhorn,WSH,3B,13,31,2,4,1,0,0,5,1,9,0,.129,.156,.161,.317
Johnathan Rodriguez,CLE,OF,13,31,6,4,1,0,0,5,9,14,0,.129,.325,.161,.486
Nick Senzel,CWS,OF,10,30,0,3,1,0,0,0,1,8,0,.100,.129,.133,.262
Nacho Alvarez,ATL,SS,8,30,1,3,0,0,0,0,0,10,0,.100,.156,.100,.256
Luis De Los Santos,TOR,3B,13,29,2,5,2,0,0,1,2,10,0,.172,.226,.241,.467
Forrest Wall,ATL,OF,13,29,3,7,0,0,0,1,3,6,3,.241,.313,.241,.554
Aledmys Diaz,OAK,SS,12,29,2,3,0,0,0,1,1,7,0,.103,.133,.103,.236
Jason Vosler,SEA,3B,10,28,2,5,1,1,0,3,2,9,0,.179,.233,.286,.519
Keston Hiura,LAA,1B,10,27,1,4,0,0,0,1,0,10,0,.148,.148,.148,.296
Owen Miller,MIL,2B,14,27,2,5,1,0,0,3,0,8,0,.185,.185,.222,.407
Dominic Smith,CIN,1B,9,26,4,5,2,0,0,0,3,11,0,.192,.276,.269,.545
Ehire Adrianza,LAA,OF,8,26,4,5,1,0,1,2,2,11,0,.192,.250,.346,.596
Matt Mervis,CHC,DH,9,26,1,3,1,0,0,3,1,8,0,.115,.148,.154,.302
Joey Wiemer,MIL,OF,19,26,2,4,0,0,0,0,1,9,1,.154,.185,.154,.339
Blake Dunn,CIN,OF,19,26,8,4,1,0,1,1,2,11,2,.154,.241,.308,.549
Trenton Brooks,SF,1B,12,25,3,3,0,0,0,1,4,6,1,.120,.241,.120,.361
Cesar Salazar,HOU,C,12,25,5,8,2,0,0,8,2,6,0,.320,.387,.400,.787
Billy McKinney,PIT,OF,10,25,4,5,1,0,0,2,2,13,0,.200,.286,.240,.526
Kevin Pillar,CWS,OF,17,25,1,4,2,0,1,4,4,8,2,.160,.290,.360,.650
Victor Robles,WSH,OF,14,25,3,3,0,0,0,2,5,9,4,.120,.281,.120,.401
Alexander Canario,CHC,OF,15,25,4,7,1,0,1,2,2,11,1,.280,.357,.440,.797
Cal Stevenson,PHI,OF,18,24,2,6,3,0,0,6,3,4,0,.250,.333,.375,.708
Ben Gamel,NYM,OF,18,23,9,5,1,0,0,0,7,7,1,.217,.400,.261,.661
Jace Peterson,ARI,3B,14,22,2,1,0,0,0,1,3,6,0,.045,.154,.045,.199
Donovan Walton,SF,SS,9,22,3,3,0,0,1,2,2,7,0,.136,.240,.273,.513
Grae Kessinger,HOU,3B,23,21,4,0,0,0,0,0,3,7,0,.000,.160,.000,.160
Tristan Gray,OAK,1B,8,21,0,3,1,0,0,0,3,13,0,.143,.250,.190,.440
Charles Leblanc,LAA,3B,11,21,6,4,0,0,2,6,7,9,0,.190,.393,.476,.869
Elias Diaz,SD,C,12,21,1,4,2,0,1,3,3,5,0,.190,.292,.429,.721
Luis Guillorme,ATL,2B,10,20,2,3,2,0,0,3,1,5,0,.150,.190,.250,.440
Jonatan Clase,TOR,OF,7,20,3,7,1,0,1,2,1,3,0,.350,.435,.550,.985
Pedro Leon,HOU,OF,7,20,2,2,0,0,0,0,1,10,2,.100,.143,.100,.243
Austin Wynns,CIN,C,7,19,3,7,4,0,0,2,0,5,0,.368,.400,.579,.979
J.D. Davis,NYY,3B,7,19,1,2,1,0,0,1,3,9,0,.105,.227,.158,.385
Austin Slater,CIN,OF,8,18,2,2,0,0,0,3,2,6,0,.111,.190,.111,.301
Bubba Thompson,CIN,OF,17,18,5,2,1,0,0,0,0,11,5,.111,.111,.167,.278
Mickey Gasper,BOS,C,13,18,1,0,0,0,0,0,4,8,0,.000,.217,.000,.217
Isaac Collins,MIL,OF,11,17,0,2,0,0,0,0,2,10,1,.118,.211,.118,.329
Jorge Barrosa,ARI,OF,8,17,3,3,2,0,0,1,0,2,1,.176,.176,.294,.470
Drew Waters,KC,OF,7,16,2,3,1,0,0,1,2,6,0,.188,.316,.250,.566
Brett Sullivan,SD,C,7,16,1,3,0,0,1,2,1,4,0,.188,.235,.375,.610
Niko Goodrum,TB,OF,9,16,1,3,0,0,0,0,1,6,0,.188,.235,.188,.423
Sam Haggerty,SEA,OF,8,15,1,1,0,0,0,1,1,4,1,.067,.125,.067,.192
Jason Delay,PIT,C,7,15,1,3,3,0,0,6,3,0,0,.200,.333,.400,.733
Kameron Misner,TB,OF,8,15,0,1,0,0,0,0,0,10,0,.067,.067,.067,.134
Rafael Ortega,CWS,OF,14,14,4,1,0,0,0,1,2,4,2,.071,.176,.071,.247
Jakson Reetz,SF,C,6,14,1,2,1,0,1,1,1,5,0,.143,.200,.429,.629
Darren Baker,WSH,2B,9,14,1,7,2,0,0,0,0,3,0,.500,.500,.643,1.143
Carlos Narvaez,NYY,C,6,13,0,3,0,0,0,0,2,6,0,.231,.333,.231,.564
Niko Goodrum,LAA,OF,4,13,1,0,0,0,0,0,2,4,1,.000,.133,.000,.133
DaShawn Keirsey,MIN,OF,6,13,1,2,0,0,1,1,0,1,0,.154,.214,.385,.599
Derek Hill,SF,OF,5,12,3,3,0,1,0,2,1,3,0,.250,.308,.417,.725
Hunter Feduccia,LAD,C,5,12,2,4,0,0,0,1,2,2,0,.333,.429,.333,.762
Luis Vazquez,CHC,SS,11,12,2,1,0,0,0,1,0,6,0,.083,.143,.083,.226
Brandon Lockridge,SD,OF,12,12,4,2,0,0,1,1,0,4,2,.167,.167,.417,.584
Bryce Teodosio,LAA,OF,5,12,1,1,0,0,0,0,0,5,0,.083,.083,.083,.166
Amed Rosario,LAD,2B,5,11,1,3,1,0,0,2,1,2,1,.273,.333,.364,.697
Buddy Kennedy,PHI,3B,8,11,1,2,1,0,0,2,2,3,0,.182,.308,.273,.581
Buddy Kennedy,DET,3B,6,10,2,2,0,0,1,4,2,4,1,.200,.308,.500,.808
J.P. Martinez,ATL,OF,7,10,2,2,1,0,0,0,0,4,1,.200,.200,.300,.500
Oswald Peraza,NYY,3B,4,10,2,2,0,0,1,1,1,3,0,.200,.273,.500,.773
Livan Soto,BAL,SS,12,10,1,3,1,0,0,0,3,2,0,.300,.462,.400,.862
Kevin Alcantara,CHC,OF,3,10,1,1,0,0,0,0,0,1,0,.100,.100,.100,.200
Michael Helman,MIN,2B,9,10,2,3,2,0,0,0,0,3,0,.300,.300,.500,.800
Liover Peguero,PIT,SS,3,10,0,2,1,0,0,2,0,3,0,.200,.200,.300,.500
Tyler Heineman,TOR,C,6,10,2,1,0,0,0,0,3,5,0,.100,.308,.100,.408
Levi Jordan,CIN,3B,7,10,1,1,1,0,0,1,0,3,0,.100,.091,.200,.291
Vinny Capra,MIL,3B,3,9,1,1,1,0,0,0,0,3,0,.111,.111,.222,.333
Tony Kemp,BAL,2B,5,9,1,0,0,0,0,0,1,1,0,.000,.100,.000,.100
Eddy Alvarez,NYM,2B,13,9,2,0,0,0,0,0,1,2,0,.000,.182,.000,.182
Rob Brantly,TB,C,3,9,0,1,0,0,0,0,0,2,0,.111,.111,.111,.222
Zack Short,NYM,2B,10,9,2,1,0,0,0,0,2,4,0,.111,.273,.111,.384
Edwin Rios,CIN,1B,5,9,1,1,0,0,0,0,1,4,0,.111,.200,.111,.311
David Fletcher,ATL,2B,5,8,0,2,0,0,0,2,0,1,0,.250,.222,.250,.472
CJ Alexander,KC,3B,4,8,0,1,0,0,0,0,0,3,0,.125,.125,.125,.250
Conner Capel,CIN,OF,5,8,1,2,0,0,0,0,0,2,1,.250,.250,.250,.500
Ryan McKenna,BAL,OF,9,8,3,3,0,0,2,2,1,1,0,.375,.444,1.125,1.569
Cade Marlowe,SEA,OF,8,8,1,2,0,0,0,0,1,1,0,.250,.333,.250,.583
Cooper Hummel,HOU,DH,6,8,0,0,0,0,0,0,0,2,1,.000,.000,.000,.000
Matt Duffy,TEX,3B,4,7,2,2,0,0,0,0,2,1,0,.286,.500,.286,.786
Aramis Garcia,PHI,C,3,7,0,0,0,0,0,0,0,3,0,.000,.000,.000,.000
Nick Ahmed,SD,SS,2,7,1,1,0,0,0,0,0,2,0,.143,.143,.143,.286
Zack Short,BOS,2B,2,7,0,0,0,0,0,0,0,4,0,.000,.000,.000,.000
Grant Koch,PIT,C,3,7,1,0,0,0,0,0,1,6,0,.000,.125,.000,.125
Tristan Gray,MIA,1B,7,7,0,0,0,0,0,0,0,3,0,.000,.000,.000,.000
Dustin Harris,TEX,OF,2,6,1,2,1,0,1,3,1,2,0,.333,.429,1.000,1.429
Andrew Knapp,SF,C,3,6,0,1,0,0,0,0,0,2,0,.167,.167,.167,.334
Diego A. Castillo,MIN,OF,4,6,3,2,1,0,0,2,2,1,0,.333,.500,.500,1.000
Ryan McKenna,SF,OF,4,6,1,0,0,0,0,0,0,4,1,.000,.000,.000,.000
Taylor Trammell,LAD,OF,5,6,0,0,0,0,0,0,0,3,0,.000,.000,.000,.000
Jair Camargo,MIN,C,5,6,1,0,0,0,0,0,1,3,0,.000,.143,.000,.143
Tyler Gentry,KC,OF,3,5,0,0,0,0,0,0,0,2,0,.000,.000,.000,.000
Stone Garrett,WSH,DH,2,5,2,3,1,0,1,3,1,0,0,.600,.667,1.400,2.067
Sandro Fabian,TEX,OF,3,5,0,0,0,0,0,0,0,0,0,.000,.000,.000,.000
Brian Anderson,ATL,3B,3,5,0,0,0,0,0,0,0,2,0,.000,.000,.000,.000
Cavan Biggio,ATL,2B,4,5,1,1,0,0,0,0,0,2,0,.200,.200,.200,.400
Greg Jones,COL,OF,6,5,1,1,0,0,1,1,1,4,0,.200,.333,.800,1.133
Nick Maton,BAL,3B,5,5,0,0,0,0,0,0,0,2,0,.000,.000,.000,.000
Brewer Hicklen,MIL,OF,3,5,0,0,0,0,0,0,0,4,1,.000,.000,.000,.000
Samad Taylor,SEA,2B,3,5,2,2,0,0,0,0,0,1,0,.400,.400,.400,.800
Myles Straw,CLE,OF,7,4,2,1,0,0,0,0,0,0,2,.250,.250,.250,.500
Jose Devers,MIA,SS,3,4,1,1,0,0,0,0,0,1,0,.250,.250,.250,.500
Jose Tena,CLE,3B,3,4,0,0,0,0,0,0,0,2,0,.000,.000,.000,.000
Aledmys Diaz,HOU,SS,2,4,0,0,0,0,0,0,0,2,0,.000,.000,.000,.000
Duke Ellis,CWS,OF,8,4,1,0,0,0,0,0,0,2,4,.000,.000,.000,.000
Matthew Batten,SD,3B,1,3,0,1,0,1,0,0,0,0,0,.333,.333,1.000,1.333
Forrest Wall,MIA,OF,3,3,1,1,0,0,0,0,0,2,1,.333,.333,.333,.666
Orelvis Martinez,TOR,2B,1,3,0,1,0,0,0,0,0,1,0,.333,.333,.333,.666
Sam Huff,TEX,C,3,3,0,0,0,0,0,0,1,2,0,.000,.250,.000,.250
Livan Soto,CIN,SS,1,3,0,0,0,0,0,0,0,1,0,.000,.000,.000,.000
Tyler Heineman,BOS,C,2,2,0,0,0,0,0,0,0,1,0,.000,.333,.000,.333
Cristian Pache,BAL,OF,3,1,0,1,0,0,0,0,0,0,0,1.000,1.000,1.000,2.000
Taylor Trammell,NYY,OF,5,1,2,1,0,0,0,0,1,0,0,1.000,1.000,1.000,2.000
Daniel Johnson,BAL,OF,1,1,1,0,0,0,0,0,0,0,0,.000,.000,.000,.000
David Banuelos,BAL,C,1,1,0,0,0,0,0,0,0,0,0,.000,.000,.000,.000
Jacob Amaya,HOU,SS,1,1,0,0,0,0,0,0,0,0,0,.000,.000,.000,.000
Duke Ellis,NYY,OF,3,1,0,1,0,0,0,0,0,0,1,1.000,1.000,1.000,2.000
Chris Roller,MIL,OF,1,1,0,0,0,0,0,0,0,1,0,.000,.000,.000,.000
Eric Yang,CIN,C,1,1,0,0,0,0,0,0,0,1,0,.000,.000,.000,.000
Joey Wiemer,CIN,OF,2,0,0,0,0,0,0,0,1,0,0,.000,1.000,.000,1.000
